City_ID,City,Country,Date,Lat,Lng,Max Temp,Humidity,Cloudiness,Wind Speed
0,Jamestown,US,2022-07-31 04:13:55,42.097,-79.2353,63.99,75,0,1.01
1,Angermunde,DE,2022-07-31 04:14:19,53.015,13.9992,64.33,74,0,3.06
2,Hillsborough,US,2022-07-31 04:14:19,37.5741,-122.3794,65.52,90,100,16.11
3,Nome,US,2022-07-31 04:13:49,64.5011,-165.4064,64.17,44,0,8.05
4,Havoysund,NO,2022-07-31 04:14:19,70.9963,24.6622,52.03,87,97,9.93
5,Hermanus,ZA,2022-07-31 04:14:20,-34.4187,19.2345,52.29,66,63,4.05
6,Mar Del Plata,AR,2022-07-31 04:14:20,-38.0023,-57.5575,51.1,94,0,3.0
7,Gimli,CA,2022-07-31 04:14:20,50.6336,-96.9907,69.19,77,93,4.45
8,Nikolskoye,RU,2022-07-31 04:14:21,59.7035,30.7861,60.87,82,10,5.1
9,Busselton,AU,2022-07-31 04:14:21,-33.65,115.3333,58.66,62,64,12.66
10,Ribeira Grande,PT,2022-07-31 04:14:21,38.5167,-28.7,73.49,72,21,2.68
11,Tual,ID,2022-07-31 04:14:22,-5.6667,132.75,79.3,86,67,18.97
12,Rikitea,PF,2022-07-31 04:14:22,-23.1203,-134.9692,73.06,74,11,16.02
13,Barrow,US,2022-07-31 04:14:23,71.2906,-156.7887,35.62,93,100,8.05
14,Kalanguy,RU,2022-07-31 04:12:17,51.0167,116.5167,73.71,59,7,7.18
15,Bredasdorp,ZA,2022-07-31 04:10:55,-34.5322,20.0403,44.78,84,18,4.29
16,Belen,TR,2022-07-31 04:14:23,36.4891,36.2233,71.74,78,0,12.66
17,Salta,AR,2022-07-31 04:14:24,-24.7859,-65.4117,48.58,80,0,6.91
18,Sisimiut,GL,2022-07-31 04:14:24,66.9395,-53.6735,45.46,83,69,1.45
19,Bambous Virieux,MU,2022-07-31 04:14:24,-20.3428,57.7575,71.85,68,40,14.97
20,Yellowknife,CA,2022-07-31 04:14:25,62.456,-114.3525,56.01,72,100,6.29
21,Provideniya,RU,2022-07-31 04:14:25,64.3833,-173.3,51.17,74,99,6.76
22,Bloemhof,ZA,2022-07-31 04:14:25,-27.6469,25.607,42.6,56,17,5.86
23,Rajanpur,PK,2022-07-31 04:14:26,29.1035,70.325,89.26,64,100,14.54
24,Defiance,US,2022-07-31 04:13:24,41.3334,-84.45,66.22,82,0,3.44
25,Castro,BR,2022-07-31 04:14:26,-24.7911,-50.0119,44.69,82,7,3.29
26,Vaini,TO,2022-07-31 04:14:26,-21.2,-175.2,77.16,100,40,9.22
27,General Roca,AR,2022-07-31 04:14:27,-39.0333,-67.5833,44.62,59,100,2.95
28,Mahebourg,MU,2022-07-31 04:14:27,-20.4081,57.7,71.89,68,40,14.97
29,Sitka,US,2022-07-31 04:14:27,57.0531,-135.33,58.89,94,100,0.0
30,Leh,IN,2022-07-31 04:14:28,34.1667,77.5833,63.63,50,39,7.45
31,Cayenne,GF,2022-07-31 04:14:28,4.9333,-52.3333,78.1,1,66,0.0
32,Wahiawa,US,2022-07-31 04:14:28,21.5028,-158.0236,80.92,68,75,6.91
33,Fortuna,US,2022-07-31 04:14:29,40.5982,-124.1573,61.93,89,100,4.61
34,Geraldton,AU,2022-07-31 04:14:29,-28.7667,114.6,63.01,59,0,16.11
35,Nanakuli,US,2022-07-31 04:14:30,21.3906,-158.1547,84.15,57,0,9.22
36,The Valley,AI,2022-07-31 04:14:30,18.217,-63.0578,83.1,87,22,21.34
37,Isangel,VU,2022-07-31 04:14:30,-19.55,169.2667,74.79,81,100,6.6
38,Hobart,AU,2022-07-31 04:12:37,-42.8794,147.3294,54.23,71,75,12.66
39,Iqaluit,CA,2022-07-31 04:14:31,63.7506,-68.5145,40.73,100,100,5.01
40,Emerald,AU,2022-07-31 04:14:31,-23.5333,148.1667,69.35,49,92,17.47
41,Butaritari,KI,2022-07-31 04:14:32,3.0707,172.7902,81.77,70,93,17.22
42,Bethel,US,2022-07-31 04:12:50,41.3712,-73.414,72.63,80,0,3.44
43,Narsaq,GL,2022-07-31 04:14:32,60.9167,-46.05,46.62,91,40,2.15
44,Cape Town,ZA,2022-07-31 04:14:32,-33.9258,18.4232,48.11,92,20,1.14
45,Punta Arenas,CL,2022-07-31 04:14:33,-53.15,-70.9167,42.91,61,0,10.36
46,Vicuna,CL,2022-07-31 04:14:33,-30.0319,-70.7081,47.93,71,1,0.43
47,Kapaa,US,2022-07-31 04:14:34,22.0752,-159.319,82.38,78,75,11.5
48,Port Alfred,ZA,2022-07-31 04:15:34,-33.5906,26.891,54.0,72,9,19.48
49,Albany,US,2022-07-31 04:13:59,42.6001,-73.9662,66.43,82,0,4.41
50,Mount Gambier,AU,2022-07-31 04:15:34,-37.8333,140.7667,51.85,78,100,14.41
51,Hovd,MN,2022-07-31 04:15:35,48.0056,91.6419,77.25,28,86,6.26
52,Ilave,PE,2022-07-31 04:15:35,-16.0833,-69.6667,41.05,42,2,4.88
53,Komsomolskiy,UZ,2022-07-31 04:15:35,40.4272,71.7189,84.92,30,95,2.3
54,Luanda,AO,2022-07-31 04:10:40,-8.8368,13.2343,68.0,88,75,8.05
55,Bamnet Narong,TH,2022-07-31 04:15:36,15.4992,101.6897,87.12,65,100,10.58
56,Sao Filipe,CV,2022-07-31 04:15:36,14.8961,-24.4956,77.31,79,97,7.18
57,Tiksi,RU,2022-07-31 04:15:37,71.6872,128.8694,53.26,70,100,4.16
58,Sakaiminato,JP,2022-07-31 04:15:37,35.55,133.2333,89.58,62,75,8.05
59,Chuy,UY,2022-07-31 04:15:37,-33.6971,-53.4616,47.66,81,38,3.74
60,Carnarvon,AU,2022-07-31 04:15:38,-24.8667,113.6333,70.61,36,23,11.63
61,Bluff,NZ,2022-07-31 04:15:38,-46.6,168.3333,48.79,75,61,14.76
62,Puerto Ayora,EC,2022-07-31 04:15:39,-0.7393,-90.3518,70.56,88,52,7.0
63,Norman Wells,CA,2022-07-31 04:15:39,65.282,-126.8329,64.44,52,20,8.05
64,Ahuimanu,US,2022-07-31 04:11:00,21.4447,-157.8378,83.91,74,75,16.11
65,Mataura,NZ,2022-07-31 04:15:40,-46.1927,168.8643,48.47,93,99,7.7
66,Karaton,ID,2022-07-31 04:15:40,-6.3424,106.1045,87.31,54,17,3.89
67,Cuamba,MZ,2022-07-31 04:15:40,-14.8031,36.5372,58.03,73,0,1.61
68,Ushuaia,AR,2022-07-31 04:11:31,-54.8,-68.3,40.66,81,20,23.02
69,Jardim,BR,2022-07-31 04:15:41,-21.4803,-56.1381,59.92,55,1,2.68
70,Santa Comba,ES,2022-07-31 04:15:41,43.0331,-8.8093,64.8,95,20,6.85
71,Vao,NC,2022-07-31 04:15:42,-22.6667,167.4833,68.07,76,98,24.94
72,Cascais,PT,2022-07-31 04:15:42,38.6979,-9.4215,76.35,70,0,3.0
73,Meulaboh,ID,2022-07-31 04:15:43,4.1363,96.1285,84.43,67,83,1.32
74,Kimbe,PG,2022-07-31 04:15:43,-5.5502,150.1429,91.6,48,75,3.18
75,Ostrovnoy,RU,2022-07-31 04:15:43,68.0531,39.5131,61.07,82,73,7.65
76,Hithadhoo,MV,2022-07-31 04:15:44,-0.6,73.0833,80.37,75,100,15.32
77,Christchurch,NZ,2022-07-31 04:12:12,-43.5333,172.6333,50.92,51,75,14.97
78,Gat,IL,2022-07-31 04:15:44,31.61,34.7642,77.68,100,27,1.34
79,Khatanga,RU,2022-07-31 04:15:45,71.9667,102.5,50.4,71,100,13.22
80,Tura,IN,2022-07-31 04:15:45,25.5198,90.2201,75.42,98,100,4.94
81,Kaitangata,NZ,2022-07-31 04:15:45,-46.2817,169.8464,43.68,89,99,11.7
82,Upernavik,GL,2022-07-31 04:15:46,72.7868,-56.1549,45.84,75,100,5.5
83,Rock Sound,BS,2022-07-31 04:15:46,24.9,-76.2,82.76,77,6,20.31
84,Usakos,NA,2022-07-31 04:15:47,-22.0,15.6,48.72,49,1,5.23
85,Broome,US,2022-07-31 04:15:47,42.2506,-75.833,64.02,92,0,0.85
86,Barra Mansa,BR,2022-07-31 04:15:47,-22.5442,-44.1714,51.06,96,26,0.78
87,Pisco,PE,2022-07-31 04:15:48,-13.7,-76.2167,57.25,82,0,2.3
88,Marawi,PH,2022-07-31 04:15:48,7.9986,124.2928,75.76,85,100,1.14
89,Severo-Kurilsk,RU,2022-07-31 04:15:49,50.6789,156.125,56.53,84,25,9.04
90,Poum,NC,2022-07-31 04:16:49,-20.2333,164.0167,72.36,73,50,19.93
91,Weligama,LK,2022-07-31 04:16:49,5.9667,80.4167,82.31,75,90,9.55
92,Kruisfontein,ZA,2022-07-31 04:16:50,-34.0033,24.7314,50.4,76,94,15.52
93,Jinji,CN,2022-07-31 04:16:50,23.2281,110.8261,94.03,53,17,1.57
94,Victoria,HK,2022-07-31 04:16:50,22.2855,114.1577,92.25,73,16,4.0
95,Saint-Philippe,RE,2022-07-31 04:16:51,-21.3585,55.7679,69.39,75,41,14.76
96,Kahului,US,2022-07-31 04:16:51,20.8947,-156.47,84.22,54,20,26.46
97,Fort Nelson,CA,2022-07-31 04:15:12,58.8053,-122.7002,65.79,72,75,3.44
98,Port Hardy,CA,2022-07-31 04:14:14,50.6996,-127.4199,62.69,88,11,10.16
99,Northam,GB,2022-07-31 04:15:05,51.0333,-4.2167,64.38,98,100,17.83
100,Port Lincoln,AU,2022-07-31 04:15:53,-34.7333,135.8667,56.16,67,60,24.09
101,Katsuura,JP,2022-07-31 04:16:52,35.1333,140.3,86.92,69,3,16.28
102,Hue,VN,2022-07-31 04:12:43,16.4667,107.6,93.31,55,40,4.61
103,Hilo,US,2022-07-31 04:16:52,19.7297,-155.09,82.27,81,100,4.61
104,Qaanaaq,GL,2022-07-31 04:16:53,77.484,-69.3632,39.85,69,18,3.36
105,Kodiak,US,2022-07-31 04:16:53,57.79,-152.4072,60.31,77,100,5.75
106,Dikson,RU,2022-07-31 04:16:53,73.5069,80.5464,41.0,94,88,11.88
107,Qui Nhon,VN,2022-07-31 04:16:54,13.7667,109.2333,91.36,56,26,0.98
108,Mountain Home,US,2022-07-31 04:16:54,43.133,-115.6912,83.68,17,0,4.61
109,Te Anau,NZ,2022-07-31 04:16:55,-45.4167,167.7167,42.44,83,65,1.05
110,Souillac,MU,2022-07-31 04:16:55,-20.5167,57.5167,71.98,68,40,14.97
111,Nantucket,US,2022-07-31 04:16:55,41.2835,-70.0995,73.15,88,0,4.61
112,Coquimbo,CL,2022-07-31 04:16:56,-29.9533,-71.3436,55.13,94,100,3.44
113,Hami,CN,2022-07-31 04:16:56,42.8,93.45,93.94,17,95,9.62
114,Tuktoyaktuk,CA,2022-07-31 04:16:57,69.4541,-133.0374,48.2,66,20,8.05
115,Kenai,US,2022-07-31 04:16:57,60.5544,-151.2583,62.02,89,100,6.91
116,Aripuana,BR,2022-07-31 04:16:57,-9.1667,-60.6333,70.47,44,0,1.41
117,San Carlos De Bariloche,AR,2022-07-31 04:12:53,-41.1456,-71.3082,29.25,71,82,3.13
118,Andenes,NO,2022-07-31 04:16:58,69.3143,16.1194,57.18,72,17,11.5
119,Bengkulu,ID,2022-07-31 04:16:58,-3.8004,102.2655,83.62,66,98,3.36
120,Cap Malheureux,MU,2022-07-31 04:16:59,-19.9842,57.6142,69.48,76,98,5.01
121,Kutum,SD,2022-07-31 04:16:59,14.2,24.6667,69.67,75,91,5.32
122,Poroshkovo,UA,2022-07-31 04:16:59,48.6683,22.7533,64.02,100,100,5.93
123,Chepareria,KE,2022-07-31 04:17:00,1.3077,35.2039,59.22,88,48,1.97
124,Tuatapere,NZ,2022-07-31 04:17:00,-46.1333,167.6833,45.43,86,73,10.25
125,Nanortalik,GL,2022-07-31 04:17:00,60.1432,-45.2371,43.68,90,92,0.63
126,Raudeberg,NO,2022-07-31 04:17:01,61.9875,5.1352,51.96,89,100,11.9
127,Mazamari,PE,2022-07-31 04:17:01,-11.3258,-74.5308,72.91,85,96,1.28
128,Kirakira,SB,2022-07-31 04:17:02,-10.4544,161.9205,84.54,68,13,10.45
129,Thompson,CA,2022-07-31 04:17:02,55.7435,-97.8558,48.36,81,20,0.0
130,Arraial Do Cabo,BR,2022-07-31 04:12:33,-22.9661,-42.0278,66.51,68,2,13.6
131,Kirensk,RU,2022-07-31 04:17:02,57.7853,108.1119,61.43,94,100,5.06
132,Beloha,MG,2022-07-31 04:17:03,-25.1667,45.05,64.08,80,4,3.22
133,Srednekolymsk,RU,2022-07-31 04:12:19,67.45,153.6833,74.26,27,13,12.68
134,Marystown,CA,2022-07-31 04:17:03,47.1666,-55.1483,62.85,100,100,11.1
135,Launceston,AU,2022-07-31 04:18:04,-41.45,147.1667,55.04,65,100,16.11
136,New Norfolk,AU,2022-07-31 04:18:04,-42.7826,147.0587,53.89,77,100,7.81
137,Cantu,IT,2022-07-31 04:18:05,45.7294,9.1405,69.57,57,3,1.99
138,Ponta Delgada,PT,2022-07-31 04:18:05,37.7333,-25.6667,68.72,88,20,5.75
139,Saint George,US,2022-07-31 04:18:05,37.1041,-113.5841,73.99,78,40,0.0
140,Krasnokholm,RU,2022-07-31 04:18:06,51.5979,54.1567,71.11,59,100,4.18
141,Copiapo,CL,2022-07-31 04:18:06,-27.3667,-70.3333,51.49,77,2,1.61
142,Machali,CL,2022-07-31 04:17:36,-34.1833,-70.6667,48.34,77,45,2.33
143,Chimbote,PE,2022-07-31 04:18:07,-9.0853,-78.5783,61.75,85,4,5.91
144,Salalah,OM,2022-07-31 04:18:07,17.0151,54.0924,77.09,88,75,6.91
145,Cabo San Lucas,MX,2022-07-31 04:17:58,22.8909,-109.9124,86.61,64,29,1.99
146,San Vicente,AR,2022-07-31 04:18:07,-26.6167,-54.1333,44.74,86,24,2.21
147,Osoyoos,CA,2022-07-31 04:18:08,49.0331,-119.4524,81.01,44,0,1.14
148,Mizdah,LY,2022-07-31 04:18:08,31.4451,12.9801,69.96,56,0,2.1
149,Chicama,PE,2022-07-31 04:18:08,-7.8447,-79.1469,59.54,84,40,4.03
150,Nishihara,JP,2022-07-31 04:18:09,26.1842,127.7558,84.25,86,100,8.05
151,Canmore,CA,2022-07-31 04:14:14,51.0834,-115.3521,58.82,94,58,2.62
152,Havelock,US,2022-07-31 04:18:09,34.8791,-76.9013,81.95,94,0,6.91
153,Sainthia,IN,2022-07-31 04:18:10,23.95,87.6667,94.14,49,100,8.55
154,Airai,TL,2022-07-31 04:18:10,-8.9266,125.4092,74.77,48,40,4.25
155,Klaksvik,FO,2022-07-31 04:18:10,62.2266,-6.589,50.92,79,7,18.97
156,Lompoc,US,2022-07-31 04:14:27,34.6391,-120.4579,70.79,93,0,4.61
157,Kikwit,CD,2022-07-31 04:18:11,-5.041,18.8162,73.24,41,30,0.92
158,Atuona,PF,2022-07-31 04:18:11,-9.8,-139.0333,76.5,78,15,13.85
159,Qaqortoq,GL,2022-07-31 04:18:12,60.7167,-46.0333,42.66,93,38,2.84
160,Faya,SA,2022-07-31 04:18:12,18.3851,42.4509,68.11,53,50,3.33
161,Vardo,NO,2022-07-31 04:18:12,70.3705,31.1107,51.78,93,100,8.05
162,Hamilton,US,2022-07-31 04:16:03,39.1834,-84.5333,70.0,83,0,0.0
163,Mareeba,AU,2022-07-31 04:18:13,-17.0,145.4333,76.44,66,83,7.27
164,Liman,UA,2022-07-31 04:18:13,48.9884,37.8023,67.46,57,0,8.28
165,Concarneau,FR,2022-07-31 04:18:14,47.875,-3.9225,63.39,94,2,4.85
166,Cidreira,BR,2022-07-31 04:18:14,-30.1811,-50.2056,53.83,82,1,6.73
167,Cienfuegos,CU,2022-07-31 04:18:14,22.1461,-80.4356,77.67,84,20,9.55
168,Georgetown,MY,2022-07-31 04:18:15,5.4112,100.3354,89.53,77,20,5.75
169,Macau,MO,2022-07-31 04:18:15,22.2006,113.5461,99.86,74,20,11.5
170,Opuwo,NA,2022-07-31 04:18:15,-18.0607,13.84,51.12,47,21,3.76
171,Enumclaw,US,2022-07-31 04:18:16,47.2043,-121.9915,82.54,66,0,4.94
172,Miastko,PL,2022-07-31 04:18:16,54.0028,16.9826,55.98,86,100,4.03
173,Horizontina,BR,2022-07-31 04:18:16,-27.6258,-54.3078,46.2,89,59,2.64
174,Artesia,US,2022-07-31 04:18:17,33.8658,-118.0831,80.08,83,0,5.75
175,Port Elizabeth,ZA,2022-07-31 04:18:17,-33.918,25.5701,52.09,86,20,16.11
176,Maragogi,BR,2022-07-31 04:13:29,-9.0122,-35.2225,74.86,87,100,7.29
177,Coahuayana,MX,2022-07-31 04:18:17,18.7333,-103.6833,78.49,85,100,1.66
178,Lixourion,GR,2022-07-31 04:18:18,38.2019,20.4314,78.53,83,0,7.52
179,Santa Isabel Do Rio Negro,BR,2022-07-31 04:18:18,-0.4139,-65.0192,70.41,98,91,2.48
180,Bilibino,RU,2022-07-31 04:18:18,68.0546,166.4372,61.83,43,95,10.67
181,Ponta Do Sol,PT,2022-07-31 04:18:19,32.6667,-17.1,72.72,80,12,6.17
182,Mount Isa,AU,2022-07-31 04:19:19,-20.7333,139.5,83.97,18,95,4.61
183,Ust-Ilimsk,RU,2022-07-31 04:19:20,58.0006,102.6619,62.37,98,100,2.66
184,Council Bluffs,US,2022-07-31 04:14:23,41.2619,-95.8608,73.76,71,0,5.75
185,Escarcega,MX,2022-07-31 04:15:20,18.6089,-90.7454,73.0,94,86,2.46
186,Karatuzskoye,RU,2022-07-31 04:19:20,53.6072,92.8667,75.65,62,17,2.01
187,Heyang,CN,2022-07-31 04:19:21,26.1011,107.473,82.45,61,5,4.14
188,Ulladulla,AU,2022-07-31 04:19:21,-35.35,150.4667,63.01,50,100,7.83
189,Sydney,AU,2022-07-31 04:15:00,-33.8679,151.2073,65.28,52,0,14.97
190,Novaya Bryan,RU,2022-07-31 04:19:22,51.7159,108.2691,80.73,36,88,4.83
191,Urumqi,CN,2022-07-31 04:19:22,43.801,87.6005,79.75,42,0,4.47
192,Beohari,IN,2022-07-31 04:19:22,24.05,81.3833,85.44,68,92,10.02
193,Khani,GE,2022-07-31 04:19:23,41.9563,42.9566,63.97,69,24,0.96
194,New Waterford,US,2022-07-31 04:19:23,40.8451,-80.6145,66.58,86,1,3.0
195,Muros,ES,2022-07-31 04:19:23,42.7762,-9.0603,69.1,70,1,13.42
196,Dingle,PH,2022-07-31 04:19:24,10.9995,122.6711,87.03,71,97,8.08
197,San Patricio,US,2022-07-31 04:19:24,28.017,-97.5169,85.89,70,70,13.76
198,Pokrovskoye,RU,2022-07-31 04:19:24,47.4157,38.8971,74.73,43,10,12.68
199,Totskoye,RU,2022-07-31 04:19:19,52.5248,52.7623,73.92,57,21,4.5
200,Aklavik,CA,2022-07-31 04:19:25,68.2191,-135.0107,53.33,64,88,8.97
201,Clonakilty,IE,2022-07-31 04:19:25,51.6231,-8.8706,62.1,98,100,10.33
202,East London,ZA,2022-07-31 04:19:26,-33.0153,27.9116,52.74,62,0,12.66
203,Nahariyya,IL,2022-07-31 04:19:26,33.0059,35.0941,78.71,87,5,1.41
204,Luderitz,NA,2022-07-31 04:19:26,-26.6481,15.1594,51.4,68,0,18.5
205,Kaeo,NZ,2022-07-31 04:19:27,-35.1,173.7833,56.32,62,17,12.88
206,Vanimo,PG,2022-07-31 04:19:27,-2.6741,141.3028,85.8,65,23,9.4
207,Longyearbyen,SJ,2022-07-31 04:19:27,78.2186,15.6401,48.04,81,75,9.22
208,San Quintin,MX,2022-07-31 04:19:28,30.4833,-115.95,68.7,83,11,7.78
209,Cherskiy,RU,2022-07-31 04:19:28,68.75,161.3,68.47,36,23,13.4
210,Qingdao,CN,2022-07-31 04:19:28,36.0986,120.3719,85.6,74,75,11.18
211,Helong,CN,2022-07-31 04:19:29,42.5397,128.9972,80.35,77,100,1.72
212,Avarua,CK,2022-07-31 04:17:23,-21.2078,-159.775,77.05,73,75,16.11
213,Requena,ES,2022-07-31 04:19:29,39.4883,-1.1004,68.79,95,25,3.91
214,Port-Gentil,GA,2022-07-31 04:19:30,-0.7193,8.7815,73.81,84,27,9.04
215,Lubumbashi,CD,2022-07-31 04:19:30,-11.6609,27.4794,54.82,54,1,3.18
216,Dzhebariki-Khaya,RU,2022-07-31 04:19:30,62.2167,135.8,81.27,45,100,6.76
217,Brae,GB,2022-07-31 04:19:31,60.3964,-1.353,52.14,86,46,12.53
218,Ninghai,CN,2022-07-31 04:19:31,29.2892,121.4247,91.17,60,35,3.11
219,Mogadishu,SO,2022-07-31 04:19:31,2.0371,45.3438,76.19,79,80,17.43
220,Vestmannaeyjar,IS,2022-07-31 04:19:32,63.4427,-20.2734,49.75,78,11,14.81
221,Owando,CG,2022-07-31 04:19:32,-0.4819,15.8999,71.8,71,39,5.1
222,Tondano,ID,2022-07-31 04:19:33,1.3038,124.9112,82.49,65,82,3.49
223,Fairbanks,US,2022-07-31 04:15:08,64.8378,-147.7164,73.6,51,100,6.91
224,Dongsheng,CN,2022-07-31 04:19:33,39.8161,109.9776,79.75,45,9,13.85
225,Zafra,ES,2022-07-31 04:19:34,38.4167,-6.4167,75.06,40,0,3.47
226,Abu Kamal,SY,2022-07-31 04:20:34,34.4506,40.9171,89.15,20,0,7.94
227,Vila Velha,BR,2022-07-31 04:17:52,-20.3297,-40.2925,69.75,68,100,9.22
228,Ahipara,NZ,2022-07-31 04:20:35,-35.1667,173.1667,55.8,58,42,18.77
229,Payakumbuh,ID,2022-07-31 04:20:36,-0.2202,100.6308,87.13,49,38,1.63
230,Toul,FR,2022-07-31 04:20:37,48.6667,5.9167,64.69,70,0,5.75
231,Saskylakh,RU,2022-07-31 04:20:37,71.9167,114.0833,52.29,94,100,10.09
232,Bintulu,MY,2022-07-31 04:20:38,3.1667,113.0333,86.41,74,20,1.14
233,Ilulissat,GL,2022-07-31 04:20:39,69.2167,-51.1,46.42,81,75,2.3
234,Itupiranga,BR,2022-07-31 04:20:39,-5.1347,-49.3267,77.32,79,37,3.11
235,Shankargarh,IN,2022-07-31 04:20:40,25.1833,81.6167,91.63,53,100,9.06
236,Kano,NG,2022-07-31 04:16:45,12.0001,8.5167,71.73,83,100,9.57
237,Kovdor,RU,2022-07-31 04:20:40,67.5662,30.4758,51.01,96,100,3.04
238,Broken Hill,AU,2022-07-31 04:20:40,-31.95,141.4333,57.09,50,100,22.7
239,Padang,ID,2022-07-31 04:20:41,-0.9492,100.3543,86.05,66,21,4.81
240,Xinmin,CN,2022-07-31 04:20:41,41.9908,122.8253,85.59,71,4,9.53
241,Husavik,IS,2022-07-31 04:20:42,66.0449,-17.3389,43.86,91,100,20.27
242,Mwinilunga,ZM,2022-07-31 04:20:42,-11.7358,24.4293,53.55,50,2,2.53
243,Kalmunai,LK,2022-07-31 04:20:42,7.4167,81.8167,83.39,69,100,1.61
244,Guerrero Negro,MX,2022-07-31 04:20:43,27.9769,-114.0611,70.5,77,5,12.91
245,Mumbwa,ZM,2022-07-31 04:20:43,-14.9783,27.0619,52.65,54,0,4.07
246,Burgdorf,DE,2022-07-31 04:20:43,52.4463,10.0064,65.1,92,89,1.01
247,Camacha,PT,2022-07-31 04:20:44,33.0833,-16.3333,67.42,73,40,10.36
248,Hambantota,LK,2022-07-31 04:20:44,6.1241,81.1185,83.79,70,73,14.45
249,Rosetta,EG,2022-07-31 04:20:44,31.4044,30.4164,78.75,70,3,12.59
250,Okitipupa,NG,2022-07-31 04:20:45,6.5047,4.7839,71.96,96,100,2.86
251,Camabatela,AO,2022-07-31 04:20:45,-8.1881,15.375,57.2,90,75,5.41
252,Sidi Ali,DZ,2022-07-31 04:20:45,36.0998,0.4206,82.83,44,61,5.23
253,Olga,RU,2022-07-31 04:20:46,43.7444,135.2892,82.74,72,100,4.12
254,Henties Bay,NA,2022-07-31 04:20:46,-22.116,14.2845,54.45,82,60,7.43
255,Tomatlan,MX,2022-07-31 04:20:46,19.9333,-105.25,77.4,85,100,2.21
256,Prieska,ZA,2022-07-31 04:20:47,-29.6641,22.7474,41.04,53,2,5.26
257,Oyama,JP,2022-07-31 04:20:47,36.3,139.8,98.58,41,22,1.95
258,Lorengau,PG,2022-07-31 04:20:47,-2.0226,147.2712,85.39,64,85,11.18
259,West Wendover,US,2022-07-31 04:20:48,40.7391,-114.0733,83.41,18,0,5.75
260,Zvishavane,ZW,2022-07-31 04:20:48,-20.3267,30.0665,52.5,32,0,2.71
261,Saint Anthony,US,2022-07-31 04:20:49,45.0205,-93.218,76.93,67,0,9.22
262,Chokurdakh,RU,2022-07-31 04:20:49,70.6333,147.9167,71.24,38,3,6.76
263,Shingu,JP,2022-07-31 04:20:49,33.7333,135.9833,88.25,61,37,7.92
264,Vila Franca Do Campo,PT,2022-07-31 04:20:50,37.7167,-25.4333,68.41,85,26,5.32
265,Iberia,US,2022-07-31 04:20:50,29.9502,-91.7507,78.96,83,0,5.75
266,Naze,JP,2022-07-31 04:20:50,28.3667,129.4833,85.12,86,91,31.32
267,Nizhniy Kuranakh,RU,2022-07-31 04:20:51,58.8353,125.4869,84.61,41,100,8.12
268,Jaque,PA,2022-07-31 04:20:51,7.5175,-78.1703,79.45,87,100,2.98
269,Mbanza-Ngungu,CD,2022-07-31 04:20:52,-5.25,14.8667,62.64,87,31,8.43
270,Arlit,NE,2022-07-31 04:20:52,18.7369,7.3853,89.73,20,19,13.33
271,Half Moon Bay,US,2022-07-31 04:20:52,37.4636,-122.4286,66.61,89,100,16.11
272,Kolpashevo,RU,2022-07-31 04:20:53,58.3131,82.9089,70.43,77,100,9.57
273,Jhalida,IN,2022-07-31 04:21:53,23.3667,85.9667,91.31,51,96,7.4
274,Yarada,IN,2022-07-31 04:21:53,17.65,83.2667,84.52,84,75,9.22
275,Clyde River,CA,2022-07-31 04:21:54,70.4692,-68.5914,35.83,100,100,12.66
276,Eyl,SO,2022-07-31 04:21:54,7.9803,49.8164,77.49,66,100,22.17
277,De-Kastri,RU,2022-07-31 04:21:55,51.4667,140.7833,61.74,74,100,4.68
278,Pokosnoye,RU,2022-07-31 04:21:55,55.5258,101.0536,65.84,85,100,14.56
279,Kaseda,JP,2022-07-31 04:17:12,31.4167,130.3167,84.58,81,36,23.82
280,Chistogorskiy,RU,2022-07-31 04:21:55,53.9835,87.3843,67.28,95,99,1.72
281,Santa Cruz,BO,2022-07-31 04:21:56,-17.8,-63.1667,67.46,56,100,5.75
282,Olafsvik,IS,2022-07-31 04:21:56,64.8945,-23.7142,48.51,76,4,7.16
283,Kidal,ML,2022-07-31 04:21:56,18.4411,1.4078,85.5,41,58,7.09
284,Zholymbet,KZ,2022-07-31 04:21:57,51.7433,71.7122,66.94,66,100,10.78
285,Hasaki,JP,2022-07-31 04:21:57,35.7333,140.8333,102.29,69,2,8.61
286,Trincomalee,LK,2022-07-31 04:21:57,8.5711,81.2335,82.29,74,100,10.42
287,Ibra,OM,2022-07-31 04:21:58,22.6906,58.5334,81.73,62,85,2.21
288,Porirua,NZ,2022-07-31 04:21:58,-41.1333,174.85,49.84,76,100,8.95
289,Cockburn Town,TC,2022-07-31 04:21:14,21.4612,-71.1419,82.09,86,34,24.14
290,Kapra,IN,2022-07-31 04:21:58,17.4846,78.561,81.3,94,20,1.14
291,Bukachacha,RU,2022-07-31 04:21:59,52.9833,116.9167,75.99,44,76,8.23
292,Korem,ET,2022-07-31 04:21:59,12.5058,39.5228,58.28,77,85,6.76
293,Bemidji,US,2022-07-31 04:22:00,47.4736,-94.8803,73.9,68,0,4.61
294,Xichang,CN,2022-07-31 04:22:00,27.8964,102.2634,73.44,79,92,4.09
295,Durant,US,2022-07-31 04:22:00,33.994,-96.3708,84.56,75,0,6.91
296,Bay Roberts,CA,2022-07-31 04:22:01,47.5999,-53.2648,66.33,97,100,4.0
297,Filingue,NE,2022-07-31 04:22:01,14.3521,3.3168,79.48,66,93,13.76
298,Steamboat Springs,US,2022-07-31 04:18:57,40.485,-106.8317,69.39,55,75,8.05
299,Codrington,AU,2022-07-31 04:22:02,-38.2667,141.9667,49.26,85,100,21.16
300,Lasa,IT,2022-07-31 04:22:02,46.6166,10.7002,61.68,82,15,5.97
301,Brandon,US,2022-07-31 04:22:02,27.9378,-82.2859,85.89,83,0,6.91
302,Ouesso,CG,2022-07-31 04:22:03,1.6136,16.0517,69.04,87,57,2.73
303,Asau,RO,2022-07-31 04:22:03,46.4333,26.4,65.32,94,100,4.12
304,Puerto Colombia,CO,2022-07-31 04:22:03,10.9878,-74.9547,82.49,82,24,26.19
305,Sao Borja,BR,2022-07-31 04:22:04,-28.6606,-56.0044,45.95,86,7,6.55
306,Murgab,TM,2022-07-31 04:22:04,37.4966,61.9714,84.07,54,0,9.22
307,Podporozhye,RU,2022-07-31 04:22:05,60.9112,34.1706,53.87,92,69,4.97
308,Rafaela,AR,2022-07-31 04:20:15,-31.2503,-61.4867,54.0,51,76,1.01
309,Ust-Kulom,RU,2022-07-31 04:22:05,61.6864,53.6902,71.15,54,99,2.75
310,Troitskoye,RU,2022-07-31 04:22:05,52.9821,84.6757,64.42,90,100,5.21
311,Torbay,CA,2022-07-31 04:22:06,47.6666,-52.7314,65.57,89,100,16.11
312,Sorkjosen,NO,2022-07-31 04:22:06,69.8,20.9333,53.6,76,84,12.66
313,Tubuala,PA,2022-07-31 04:22:06,9.5167,-79.0333,81.45,85,100,13.4
314,Bani,DO,2022-07-31 04:20:56,18.2833,-70.3333,79.45,80,84,13.51
315,Pandan,PH,2022-07-31 04:22:07,14.0453,124.1694,88.52,63,100,9.73
316,Bassila,BJ,2022-07-31 04:22:07,9.0081,1.6654,69.31,98,100,3.56
317,Conceicao Do Araguaia,BR,2022-07-31 04:22:08,-8.2578,-49.2647,74.35,42,0,3.96
318,Tazovskiy,RU,2022-07-31 04:22:08,67.4667,78.7,50.32,61,1,16.69
319,Tautira,PF,2022-07-31 04:23:08,-17.7333,-149.15,77.76,70,16,22.75
320,Yar-Sale,RU,2022-07-31 04:23:09,66.8333,70.8333,56.91,54,49,11.45
321,Les Cayes,HT,2022-07-31 04:23:09,18.2,-73.75,79.92,74,0,2.82
322,Ambunti,PG,2022-07-31 04:23:09,-4.2365,142.8448,92.37,46,72,3.74
323,Texistepeque,SV,2022-07-31 04:23:10,14.1333,-89.5,71.19,97,96,4.0
324,La Ronge,CA,2022-07-31 04:23:10,55.1001,-105.2842,61.05,67,75,3.44
325,Storforshei,NO,2022-07-31 04:23:10,66.4043,14.5233,56.66,67,30,4.97
326,Capoterra,IT,2022-07-31 04:23:11,39.1763,8.9718,74.53,70,0,10.36
327,Taoudenni,ML,2022-07-31 04:23:11,22.6783,-3.9836,91.38,37,83,13.71
328,Mocuba,MZ,2022-07-31 04:23:12,-16.8392,36.9856,60.58,97,0,3.09
329,Ixtapa,MX,2022-07-31 04:23:12,20.7,-105.2,74.23,94,100,24.16
330,Mata,PT,2022-07-31 04:23:12,40.683,-7.4592,70.93,46,0,6.22
331,Jining,CN,2022-07-31 04:22:09,35.405,116.5814,87.39,63,8,6.04
332,Mporokoso,ZM,2022-07-31 04:23:13,-9.3727,30.125,61.86,50,98,4.38
333,San Cristobal,VE,2022-07-31 04:23:13,7.7669,-72.225,75.38,98,47,3.44
334,Yulara,AU,2022-07-31 04:23:13,-25.2406,130.9889,68.58,33,7,11.41
335,Bathsheba,BB,2022-07-31 04:23:14,13.2167,-59.5167,83.01,95,40,21.85
336,Lebu,CL,2022-07-31 04:23:14,-37.6167,-73.65,46.85,88,73,3.29
337,Borgustanskaya,RU,2022-07-31 04:23:14,44.0547,42.5288,64.2,62,0,1.59
338,Sinnamary,GF,2022-07-31 04:23:15,5.3833,-52.95,77.92,84,79,8.25
339,Avera,US,2022-07-31 04:23:15,33.194,-82.5271,76.55,88,61,5.06
340,Kirkwall,GB,2022-07-31 04:23:16,58.9848,-2.9587,51.96,87,90,5.75
341,Saldanha,ZA,2022-07-31 04:23:16,-33.0117,17.9442,41.05,77,8,9.48
342,Verkh-Usugli,RU,2022-07-31 04:23:16,52.7,115.1667,75.06,43,74,8.79
343,Hofn,IS,2022-07-31 04:23:17,64.2539,-15.2082,49.96,58,85,9.69
344,Rayagada,IN,2022-07-31 04:23:17,19.1667,83.4167,87.26,68,100,1.66
345,Fivizzano,IT,2022-07-31 04:23:17,44.2383,10.126,71.19,74,0,4.68
346,Necochea,AR,2022-07-31 04:19:19,-38.5473,-58.7368,49.75,77,100,6.69
347,Gomel,BY,2022-07-31 04:23:18,52.4345,30.9754,65.84,77,75,8.95
348,Cavalcante,BR,2022-07-31 04:23:18,-13.7975,-47.4583,67.51,29,0,1.48
349,Bandarbeyla,SO,2022-07-31 04:23:18,9.4942,50.8122,77.81,68,65,25.72
350,Baghdad,IQ,2022-07-31 04:23:19,33.3406,44.4009,97.52,10,28,5.7
351,Tasiilaq,GL,2022-07-31 04:23:19,65.6145,-37.6368,41.16,61,25,6.96
352,Pemangkat,ID,2022-07-31 04:23:20,1.1667,108.9667,81.36,73,100,6.24
353,Port Blair,IN,2022-07-31 04:23:20,11.6667,92.75,86.04,79,75,11.5
354,Rio Gallegos,AR,2022-07-31 04:23:20,-51.6226,-69.2181,39.25,52,0,17.27
355,Tadine,NC,2022-07-31 04:23:21,-21.55,167.8833,69.48,84,100,20.96
356,Mehamn,NO,2022-07-31 04:23:21,71.0357,27.8492,51.75,100,100,5.75
357,Constitucion,CL,2022-07-31 04:23:21,-35.3333,-72.4167,50.49,90,74,4.41
358,Longonjo,AO,2022-07-31 04:23:22,-12.9067,15.2533,54.75,80,0,1.34
359,North Bend,US,2022-07-31 04:23:22,43.4065,-124.2243,62.92,100,100,3.44
360,Neuquen,AR,2022-07-31 04:23:22,-38.9516,-68.0591,40.89,81,0,0.0
361,Sangueya,GN,2022-07-31 04:23:23,10.7,-14.3667,73.2,92,88,3.58
362,Lagoa,PT,2022-07-31 04:23:23,39.05,-27.9833,72.27,71,0,3.78
363,Clarence Town,AU,2022-07-31 04:23:23,-32.5833,151.7833,66.11,53,100,0.65
364,Kloulklubed,PW,2022-07-31 04:23:24,7.0419,134.2556,84.7,77,79,9.4
365,Gualaceo,EC,2022-07-31 04:23:24,-2.9,-78.7833,56.86,97,86,3.44
366,Vitim,RU,2022-07-31 04:23:24,59.4511,112.5578,78.1,53,100,1.83
367,Biltine,TD,2022-07-31 04:23:25,14.5333,20.9167,78.26,70,100,12.66
368,Maniitsoq,GL,2022-07-31 04:24:25,65.4167,-52.9,44.33,84,45,13.85
369,Jacksonville,US,2022-07-31 04:22:56,30.3322,-81.6556,82.4,76,0,13.8
370,Sorland,NO,2022-07-31 04:24:26,67.667,12.6934,58.86,82,35,10.6
371,Robertsport,LR,2022-07-31 04:24:26,6.7533,-11.3686,76.23,72,43,7.85
372,Yerbogachen,RU,2022-07-31 04:24:27,61.2767,108.0108,75.33,55,56,1.72
373,San Pedro Carcha,GT,2022-07-31 04:24:27,15.4833,-90.2667,60.58,98,77,2.17
374,Oparino,RU,2022-07-31 04:24:28,59.8518,48.2783,61.65,91,92,4.34
375,Saint-Louis,SN,2022-07-31 04:24:28,16.3333,-15.0,79.92,71,100,5.77
376,Kavieng,PG,2022-07-31 04:24:28,-2.5744,150.7967,85.21,63,89,9.66
377,Pozzallo,IT,2022-07-31 04:24:29,36.7305,14.8499,80.01,57,0,2.1
378,Saint-Joseph,RE,2022-07-31 04:24:29,-21.3667,55.6167,68.38,72,34,13.15
379,Dumas,US,2022-07-31 04:24:29,35.8656,-101.9732,78.94,65,75,11.5
380,Mandali,IQ,2022-07-31 04:24:30,33.7499,45.5541,98.49,9,0,2.84
381,Talnakh,RU,2022-07-31 04:24:30,69.4865,88.3972,49.21,77,97,19.37
382,Kiruna,SE,2022-07-31 04:24:30,67.8557,20.2251,43.72,93,88,2.3
383,Faxinal,BR,2022-07-31 04:24:31,-24.0003,-51.3194,48.22,52,4,3.53
384,Kiunga,PG,2022-07-31 04:24:31,-6.1219,141.2906,86.67,68,65,3.4
385,Jacareacanga,BR,2022-07-31 04:24:31,-6.2222,-57.7528,79.61,53,97,3.11
386,Mecca,SA,2022-07-31 04:24:32,21.4267,39.8261,88.07,28,37,3.78
387,Marsa Matruh,EG,2022-07-31 04:24:32,31.3525,27.2453,73.6,94,20,5.75
388,Khuzhir,RU,2022-07-31 04:24:32,53.1939,107.3397,57.18,88,100,10.69
389,Hanzhong,CN,2022-07-31 04:24:33,33.0728,107.0303,89.87,54,28,3.27
390,Middelburg,ZA,2022-07-31 04:24:33,-25.7751,29.4648,51.21,46,19,4.0
391,Goure,NE,2022-07-31 04:24:33,13.9835,10.2704,73.02,70,100,9.57
392,Astara,AZ,2022-07-31 04:24:34,38.5,48.6667,71.58,72,75,3.49
393,Novyy Urengoy,RU,2022-07-31 04:24:17,66.0833,76.6333,55.44,54,37,17.67
394,Manzhouli,CN,2022-07-31 04:24:34,49.6,117.4333,77.58,54,30,2.3
395,Port Pirie,AU,2022-07-31 04:24:35,-33.1833,138.0167,60.4,54,82,12.55
396,Ternate,ID,2022-07-31 04:24:35,0.8,127.4,85.35,64,80,4.9
397,Arcoverde,BR,2022-07-31 04:24:35,-8.4189,-37.0539,66.63,97,99,3.94
398,Saint-Pierre,RE,2022-07-31 04:24:36,-21.3393,55.4781,69.48,64,0,5.75
399,Gambela,ET,2022-07-31 04:24:36,8.25,34.5833,69.67,97,100,2.39
400,Viedma,AR,2022-07-31 04:24:36,-40.8135,-62.9967,43.68,69,96,4.92
401,Rincon,US,2022-07-31 04:24:37,32.296,-81.2354,84.85,74,40,6.91
402,Hlukhiv,UA,2022-07-31 04:24:37,51.6782,33.9162,62.04,80,52,4.63
403,Reitz,ZA,2022-07-31 04:24:37,-27.8014,28.4273,44.06,55,53,3.15
404,Shar,KZ,2022-07-31 04:24:38,49.5886,81.0453,78.31,38,63,14.2
405,Gornopravdinsk,RU,2022-07-31 04:24:38,60.05,69.9,69.6,70,94,7.9
406,Leningradskiy,RU,2022-07-31 04:24:39,69.3833,178.4167,49.8,66,64,11.92
407,Lazurne,UA,2022-07-31 04:24:39,46.084,32.5295,73.53,53,5,15.64
408,Dickinson,US,2022-07-31 04:24:39,29.4608,-95.0513,85.95,82,0,8.05
409,Kathu,TH,2022-07-31 04:24:40,7.9178,98.3332,87.69,92,100,10.31
410,Dianalund,DK,2022-07-31 04:24:40,55.5313,11.4925,63.63,85,82,7.31
411,Mookane,BW,2022-07-31 04:24:40,-23.688,26.6595,55.29,30,3,2.33
412,Bereda,ES,2022-07-31 04:24:41,43.2686,-7.5406,62.15,100,65,6.35
413,Mayumba,GA,2022-07-31 04:25:41,-3.432,10.6554,70.83,92,94,6.08
414,Huilong,CN,2022-07-31 04:25:41,31.8111,121.655,87.15,72,51,12.64
415,Krasnyy Oktyabr,RU,2022-07-31 04:25:42,56.1167,38.8833,59.79,68,85,2.28
416,Baykit,RU,2022-07-31 04:25:42,61.67,96.37,75.87,71,48,4.7
417,Quatre Cocos,MU,2022-07-31 04:25:42,-20.2078,57.7625,71.71,70,92,14.07
418,Itoman,JP,2022-07-31 04:25:43,26.1247,127.6694,84.97,87,75,6.91
419,Cururupu,BR,2022-07-31 04:25:43,-1.8283,-44.8683,72.97,98,69,2.64
420,Bosconia,CO,2022-07-31 04:25:43,9.9689,-73.8836,79.48,69,73,3.65
421,Bud,US,2022-07-31 04:25:44,39.447,-86.1758,71.44,84,100,5.5
422,Sao Jose Do Rio Preto,BR,2022-07-31 04:25:44,-20.8197,-49.3794,64.67,36,0,4.61
423,Pevek,RU,2022-07-31 04:25:45,69.7008,170.3133,50.67,56,15,8.81
424,Camana,PE,2022-07-31 04:25:45,-16.6228,-72.7111,59.52,82,5,6.91
425,Houma,US,2022-07-31 04:25:45,29.5958,-90.7195,79.0,90,0,4.61
426,Areka,ET,2022-07-31 04:25:46,7.0667,37.7,59.59,93,96,1.39
427,Korla,CN,2022-07-31 04:25:46,41.7597,86.1469,87.33,22,78,13.15
428,Waddan,LY,2022-07-31 04:25:46,29.1614,16.139,76.55,60,9,1.97
429,Kariba,ZW,2022-07-31 04:25:47,-16.5167,28.8,55.27,48,0,4.05
430,Nandu,CN,2022-07-31 04:25:47,22.8525,110.8233,94.8,50,28,0.89
431,Nibe,DK,2022-07-31 04:25:47,56.9815,9.6392,57.16,94,20,3.44
432,Gigmoto,PH,2022-07-31 04:25:48,13.7796,124.39,84.81,73,100,10.04
433,Okhotsk,RU,2022-07-31 04:25:48,59.3833,143.3,58.91,86,100,12.44
434,Carutapera,BR,2022-07-31 04:25:49,-1.195,-46.02,76.46,90,54,6.15
435,Harper,LR,2022-07-31 04:25:49,4.375,-7.7169,75.16,81,99,5.14
436,Jibuti,DJ,2022-07-31 04:25:49,11.5,42.5,80.64,54,75,9.01
437,Tatarskaya Kargala,RU,2022-07-31 04:25:50,51.9495,55.1731,71.62,56,100,3.0
438,Santa Rosa,PH,2022-07-31 04:25:50,14.3122,121.1114,87.78,71,99,4.56
439,Petropavlovsk-Kamchatskiy,RU,2022-07-31 04:25:35,53.0452,158.6483,59.59,82,75,11.18
440,Zapolyarnyy,RU,2022-07-31 04:25:50,69.4154,30.8136,52.88,98,100,3.2
441,Igunga,TZ,2022-07-31 04:25:51,-4.2833,33.8833,68.65,59,92,1.01
442,Kedrovyy,RU,2022-07-31 04:25:51,56.1667,91.8167,73.87,61,70,7.74
443,Calatayud,ES,2022-07-31 04:25:52,41.3535,-1.6432,66.76,71,0,4.52
444,Pyay,MM,2022-07-31 04:25:52,18.8167,95.2167,93.56,50,91,3.22
445,Juruti,BR,2022-07-31 04:25:52,-2.1522,-56.0922,73.65,96,99,3.74
446,Santa Cruz De La Palma,ES,2022-07-31 04:25:53,28.6835,-17.7642,73.54,73,100,14.97
447,Kavaratti,IN,2022-07-31 04:25:53,10.5669,72.642,81.16,82,100,21.7
448,Ekhabi,RU,2022-07-31 04:25:53,53.5102,142.9671,62.1,61,98,11.39
449,Nushki,PK,2022-07-31 04:25:54,29.5542,66.0215,87.85,43,99,10.74
450,Bardiyah,LY,2022-07-31 04:25:54,31.7561,25.0865,76.68,88,0,14.76
451,Lillooet,CA,2022-07-31 04:25:55,50.6856,-121.942,81.48,29,4,4.5
452,Beringovskiy,RU,2022-07-31 04:25:55,63.05,179.3167,51.53,69,100,4.81
453,Miles City,US,2022-07-31 04:25:55,46.4083,-105.8406,85.17,24,0,14.97
454,Victor Harbor,AU,2022-07-31 04:25:56,-35.5667,138.6167,57.99,74,35,4.0
455,Alofi,NU,2022-07-31 04:25:56,-19.0595,-169.9187,78.69,83,9,9.22
456,Changde,CN,2022-07-31 04:21:31,29.0464,111.6783,87.93,62,6,2.48
457,Kananga,CD,2022-07-31 04:25:57,-5.8958,22.4178,69.03,58,21,1.36
458,Coos Bay,US,2022-07-31 04:23:07,43.3665,-124.2179,63.0,100,100,3.44
459,Lakhimpur,IN,2022-07-31 04:26:57,27.95,80.7667,87.1,68,81,6.49
460,Contamana,PE,2022-07-31 04:26:57,-7.3333,-75.0167,73.53,78,26,1.32
461,Saint-Leu,RE,2022-07-31 04:26:58,-21.15,55.2833,69.67,66,22,4.29
462,Haimen,CN,2022-07-31 04:26:58,23.1935,116.6142,94.89,62,5,4.81
463,Najran,SA,2022-07-31 04:26:58,17.4924,44.1277,83.05,42,100,4.9
464,Castanhal,BR,2022-07-31 04:26:59,-1.2939,-47.9264,71.87,99,99,2.95
465,Namatanai,PG,2022-07-31 04:26:59,-3.6667,152.4333,82.54,74,85,11.36
466,San Clemente,US,2022-07-31 04:26:59,33.427,-117.612,75.65,86,43,4.0
467,Lazaro Cardenas,MX,2022-07-31 04:27:00,17.9583,-102.2,79.65,81,99,3.4
468,Akranes,IS,2022-07-31 04:27:00,64.3218,-22.0749,50.05,71,2,7.09
469,Vallenar,CL,2022-07-31 04:27:00,-28.5708,-70.7581,54.43,81,0,0.63
470,Bundaberg,AU,2022-07-31 04:27:01,-24.85,152.35,69.22,60,100,3.0
471,Fare,PF,2022-07-31 04:27:01,-16.7,-151.0167,78.93,71,0,23.4
472,Yining,CN,2022-07-31 04:27:02,29.0361,114.5636,94.3,46,4,2.17
473,Nisia Floresta,BR,2022-07-31 04:27:02,-6.0911,-35.2086,75.58,95,100,4.76
474,Kibala,TD,2022-07-31 04:27:03,9.1104,18.3463,69.58,97,46,3.44
475,Weiser,US,2022-07-31 04:27:03,44.251,-116.9693,87.31,22,47,7.76
476,Namibe,AO,2022-07-31 04:27:03,-15.1961,12.1522,58.8,89,6,5.17
477,Roald,NO,2022-07-31 04:27:04,62.5833,6.1333,62.17,94,75,9.22
478,Ankang,CN,2022-07-31 04:27:04,32.68,109.0172,93.4,46,1,2.62
479,Lunenburg,CA,2022-07-31 04:23:20,44.3835,-64.3155,62.65,95,0,0.0
480,Wencheng,CN,2022-07-31 04:27:05,33.0559,113.7978,89.08,55,1,3.98
481,Lavrentiya,RU,2022-07-31 04:27:05,65.5833,-171.0,46.4,77,92,6.29
482,Pampa,US,2022-07-31 04:27:05,35.5362,-100.9599,81.55,78,0,11.5
483,Sioux Lookout,CA,2022-07-31 04:27:06,50.1001,-91.917,69.87,73,75,5.75
484,Ketou,BJ,2022-07-31 04:27:06,7.3633,2.5998,69.39,96,99,3.4
485,Coihaique,CL,2022-07-31 04:26:09,-45.5752,-72.0662,31.95,86,20,5.75
486,Progreso,MX,2022-07-31 04:27:07,21.2833,-89.6667,73.51,84,86,6.2
487,Sao Felix Do Xingu,BR,2022-07-31 04:27:07,-6.6447,-51.995,75.18,55,65,0.92
488,Bubaque,GW,2022-07-31 04:27:07,11.2833,-15.8333,78.91,80,94,14.97
489,Bretzfeld,DE,2022-07-31 04:27:08,49.1794,9.4383,60.08,63,86,1.66
490,Lata,PT,2022-07-31 04:27:08,40.1629,-8.3327,69.42,55,0,3.53
491,Beira,MZ,2022-07-31 04:27:08,-19.8436,34.8389,59.09,100,40,5.75
492,Pangnirtung,CA,2022-07-31 04:27:09,66.1451,-65.7125,51.64,91,100,4.81
493,Buzmeyin,TM,2022-07-31 04:27:09,38.0507,58.2056,85.73,58,75,9.22
494,Teguise,ES,2022-07-31 04:27:09,29.0605,-13.564,70.02,78,0,18.41
495,College,US,2022-07-31 04:27:10,64.8569,-147.8028,73.58,54,100,12.66
496,Iralaya,HN,2022-07-31 04:27:10,15.0,-83.2333,80.51,85,98,12.91
497,Gazimurskiy Zavod,RU,2022-07-31 04:27:11,51.5461,118.3266,78.75,49,100,3.6
498,Nouadhibou,MR,2022-07-31 04:27:11,20.931,-17.0347,71.58,88,40,8.05
499,Hobyo,SO,2022-07-31 04:27:11,5.3505,48.5268,76.01,82,74,21.88
500,Biak,ID,2022-07-31 04:27:12,-0.9131,122.8766,81.18,78,82,5.91
501,San Ramon,US,2022-07-31 04:27:12,37.7799,-121.978,64.62,85,0,13.8
502,Talara,PE,2022-07-31 04:27:12,-4.5772,-81.2719,63.86,86,13,15.43
503,Reo,BF,2022-07-31 04:27:13,12.3167,-2.4667,76.73,78,19,6.31
504,Andreapol,RU,2022-07-31 04:28:13,56.6513,32.2664,54.82,72,29,1.59
505,Dubrovka,RU,2022-07-31 04:28:14,53.6907,33.5071,57.52,74,58,3.51
506,Puerto Cabezas,NI,2022-07-31 04:28:14,14.0351,-83.3888,78.15,90,100,10.63
507,Plaeng Yao,TH,2022-07-31 04:28:14,13.5847,101.284,91.98,67,99,8.1
508,Ribeirao Branco,BR,2022-07-31 04:28:15,-24.2208,-48.7656,44.44,98,17,3.29
509,Lokot,RU,2022-07-31 04:28:15,52.565,34.5776,60.57,81,64,4.32
510,Mitu,CO,2022-07-31 04:28:15,1.1983,-70.1733,70.61,98,98,1.14
511,Charters Towers,AU,2022-07-31 04:28:16,-20.1,146.2667,70.54,56,98,14.79
512,Dunedin,NZ,2022-07-31 04:28:16,-45.8742,170.5036,43.81,87,100,8.99
513,Carauari,BR,2022-07-31 04:28:16,-4.8828,-66.8958,74.57,88,21,3.2
514,Bodden Town,KY,2022-07-31 04:28:17,19.2833,-81.25,82.92,81,6,1.99
515,Corinto,GR,2022-07-31 04:28:17,37.9407,22.9573,77.9,55,0,4.32
516,Nkowakowa,ZA,2022-07-31 04:28:17,-23.8878,30.2871,60.39,41,0,3.31
517,Sackville,CA,2022-07-31 04:28:18,45.9188,-64.3846,66.78,82,0,6.93
518,Semey,KZ,2022-07-31 04:28:18,50.4111,80.2275,77.22,50,0,13.42
519,Kawambwa,ZM,2022-07-31 04:28:18,-9.7915,29.0791,57.6,55,62,5.23
520,Posadas,AR,2022-07-31 04:28:19,-27.3671,-55.8961,53.58,76,0,2.3
521,Krasnoselkup,RU,2022-07-31 04:28:19,65.7,82.4667,55.78,57,2,22.88
522,Margate,GB,2022-07-31 04:28:19,51.3813,1.3862,65.88,86,89,3.0
523,Suclayin,PH,2022-07-31 04:28:20,15.7568,121.5503,90.57,59,100,3.09
524,Santa Fe,AR,2022-07-31 04:28:20,-31.6333,-60.7,57.99,69,91,4.0
525,Ust-Tsilma,RU,2022-07-31 04:28:20,65.441,52.1498,63.5,75,99,5.01
526,Jiayuguan,CN,2022-07-31 04:28:21,39.8167,98.3,85.78,21,62,8.08
527,Kaspiysk,RU,2022-07-31 04:28:21,42.8816,47.6392,78.98,65,76,7.0
528,Piedras Negras,MX,2022-07-31 04:28:22,28.7,-100.5167,92.26,28,13,22.95
529,Wittmund,DE,2022-07-31 04:28:22,53.5667,7.7833,61.03,87,87,6.29
530,Ketchikan,US,2022-07-31 04:28:22,55.3422,-131.6461,64.87,88,100,3.44
531,Kununurra,AU,2022-07-31 04:28:23,-15.7667,128.7333,87.78,16,22,9.22
532,Galesong,ID,2022-07-31 04:28:23,-5.3166,119.3661,86.02,68,99,4.83
533,Palauig,PH,2022-07-31 04:28:24,15.435,119.9045,82.72,81,99,11.83
534,Medyn,RU,2022-07-31 04:28:24,54.9692,35.8586,57.99,66,30,1.3
535,Roma,US,2022-07-31 04:28:24,43.2128,-75.4557,62.67,91,0,0.0
536,Port Hedland,AU,2022-07-31 04:28:25,-20.3167,118.5667,80.65,34,15,16.11
537,Tahe,CN,2022-07-31 04:28:25,52.3333,124.7333,84.63,43,99,9.22
538,Thunder Bay,CA,2022-07-31 04:23:40,48.4001,-89.3168,66.18,72,0,3.44
539,Wanning,CN,2022-07-31 04:28:26,18.8003,110.3967,89.42,65,34,7.99
540,Oistins,BB,2022-07-31 04:28:26,13.0667,-59.5333,82.49,89,40,21.85
541,Aragarcas,BR,2022-07-31 04:28:26,-15.8975,-52.2508,67.66,46,0,0.89
542,Shebunino,RU,2022-07-31 04:28:27,46.4339,141.8603,72.86,74,61,12.3
543,Egvekinot,RU,2022-07-31 04:28:27,66.3167,-179.1667,52.27,50,100,2.64
544,Fillan,NO,2022-07-31 04:28:27,63.6064,8.9696,56.64,88,99,7.76
545,Hanyang,CN,2022-07-31 04:28:28,32.1371,105.5126,84.97,61,63,7.07
546,Lagos,NG,2022-07-31 04:28:28,6.5833,3.75,73.89,87,100,5.88
547,Altus,US,2022-07-31 04:28:28,34.6381,-99.334,87.87,50,0,11.5
548,Le Port,RE,2022-07-31 04:28:29,-20.9373,55.2919,70.61,77,32,12.33
549,Gaoua,BF,2022-07-31 04:28:29,10.2992,-3.2508,71.47,93,80,3.76
550,Portland,US,2022-07-31 04:28:03,45.5234,-122.6762,90.25,44,20,9.22
551,Rundu,NA,2022-07-31 04:28:29,-17.9333,19.7667,52.14,37,3,3.31
552,Pacific Grove,US,2022-07-31 04:24:12,36.6177,-121.9166,64.81,88,75,4.61
553,Hongjiang,CN,2022-07-31 04:29:30,27.11,109.9956,91.13,52,80,0.6
554,Bafoulabe,ML,2022-07-31 04:29:30,13.8065,-10.8321,73.76,94,75,3.42
555,Chapais,CA,2022-07-31 04:29:31,49.7834,-74.8492,62.38,80,99,7.4
556,Oktyabrskiy,RU,2022-07-31 04:29:31,54.4815,53.471,67.89,68,62,2.08
557,Grindavik,IS,2022-07-31 04:29:31,63.8424,-22.4338,49.95,87,75,6.91
558,Bantry,IE,2022-07-31 04:29:32,51.6833,-9.45,60.78,99,100,6.02
559,Monmouth,US,2022-07-31 04:29:32,40.3001,-74.1663,80.82,69,0,3.44
